{"train_loss": [4.830952448104693, 4.7405117140493385, 4.712815414410349, 4.703543358331123, 4.699528993682311, 4.711219540285002, 4.7196219727737665, 4.689730463475527, 4.684660800240674, 4.693758931831332, 4.701632539287801, 4.69587187876053, 4.662866182132174, 4.683727718862816, 4.679186879512636, 4.673564887936221, 4.665780592481152, 4.663312744434417, 4.642293734957882, 4.656374566965298], "train_acc": [0.00962695551119413, 0.0048134777376654635, 0.010830324909747292, 0.012033694344163659, 0.007220216606498195, 0.015643802647412757, 0.00842358604091456, 0.009626955475330927, 0.007220216606498195, 0.013237063778580024, 0.00842358604091456, 0.010830324909747292, 0.01444043321299639, 0.012033694344163659, 0.00842358604091456, 0.012033694344163659, 0.010830324909747292, 0.018050541516245487, 0.010830324909747292, 0.012033694344163659], "val_loss": [4.707010904947917, 4.692240397135417, 4.684651692708333, 4.6624755859375, 4.648996988932292, 4.69842529296875, 4.708699544270833, 4.681925455729167, 4.66717529296875, 4.67034912109375, 4.696360270182292, 4.678995768229167, 4.673563639322917, 4.66998291015625, 4.656901041666667, 4.671559651692708, 4.66827392578125, 4.660807291666667, 4.725128173828125, 4.725555419921875], "val_acc": [0.005208333333333333, 0.005208333333333333, 0.005208333333333333, 0.010416666666666666, 0.010416666666666666, 0.010416666666666666, 0.0, 0.005208333333333333, 0.010416666666666666, 0.005208333333333333, 0.010416666666666666, 0.0, 0.010416666666666666, 0.015625, 0.020833333333333332, 0.010416666666666666, 0.020833333333333332, 0.015625, 0.005208333333333333, 0.005208333333333333]}