{"train_loss": [4.82004221136963, 4.753083634749503, 4.71352521377637, 4.7184421060748045, 4.692675428700361, 4.709362778279182, 4.687107494161448, 4.679095216606498, 4.67161411384096, 4.670537662276579, 4.647264684293818, 4.627020110005219, 4.624210288808665, 4.619493174065178, 4.681064793922984, 4.683104881741079, 4.625025853640192, 4.578947615250497, 4.556230492827121, 4.529417916468908], "train_acc": [0.009626955475330927, 0.006016847172081829, 0.015643802647412757, 0.006016847172081829, 0.009626955475330927, 0.007220216606498195, 0.010830324909747292, 0.010830324909747292, 0.010830324909747292, 0.01684717208182912, 0.02045728038507822, 0.015643802647412757, 0.01684717208182912, 0.018050541516245487, 0.009626955475330927, 0.012033694344163659, 0.026474127557160047, 0.021660649819494584, 0.02045728038507822, 0.02527075812274368], "val_loss": [4.69049072265625, 4.734364827473958, 4.666636149088542, 4.649393717447917, 4.681599934895833, 4.692209879557292, 4.669047037760417, 4.708536783854167, 4.698435465494792, 4.692881266276042, 4.688822428385417, 4.693603515625, 4.702534993489583, 4.665130615234375, 4.711802164713542, 4.697519938151042, 4.655659993489583, 4.667154947916667, 4.678700764973958, 4.679473876953125], "val_acc": [0.010416666666666666, 0.005208333333333333, 0.026041666666666668, 0.010416666666666666, 0.010416666666666666, 0.010416666666666666, 0.015625, 0.015625, 0.010416666666666666, 0.010416666666666666, 0.015625, 0.010416666666666666, 0.03125, 0.03125, 0.03125, 0.020833333333333332, 0.020833333333333332, 0.015625, 0.010416666666666666, 0.015625]}