{
  "train_loss": [
    4.731702410930905,
    4.513803394262541,
    4.31767886755125,
    4.121552449558043,
    3.837648572761086,
    3.588555283494805,
    3.2798710644029967,
    3.009483689722458,
    2.670300547683569,
    2.3819295479215583,
    2.1085573335847267,
    1.9277382918356702,
    1.7481388496291048,
    1.5798168938369384,
    1.4171098294240903,
    1.3283556724139787,
    1.2479897493633265,
    1.1985105692120952,
    1.1779650553038834,
    1.1695449283407053
  ],
  "train_acc": [
    0.012033694344163659,
    0.04091456077015644,
    0.09025270758122744,
    0.148014440433213,
    0.22021660649819494,
    0.26714801451215964,
    0.3658243080625752,
    0.42839951865222625,
    0.5403128761246747,
    0.6281588448370694,
    0.7027677496991577,
    0.7472924188442895,
    0.7845968712394705,
    0.8170878460404388,
    0.8616125151138443,
    0.8844765343677553,
    0.9193742478941035,
    0.913357400793748,
    0.9265944645006017,
    0.9277978340067444
  ],
  "val_loss": [
    4.610215733448665,
    4.5812161564826965,
    4.5333863000075025,
    4.517225141326587,
    4.445749173561732,
    4.475520943601926,
    4.541635935505231,
    4.526466603080432,
    4.497252921263377,
    4.643592432141304,
    4.652912924687068,
    4.625892773270607,
    4.850648726026217,
    4.819326256712277,
    4.922800173362096,
    4.938953310251236,
    4.8732583075761795,
    4.923088401556015,
    4.994041154781978,
    4.973713303605716
  ],
  "val_acc": [
    0.03125,
    0.041666666666666664,
    0.046875,
    0.041666666666666664,
    0.078125,
    0.078125,
    0.08854166666666667,
    0.078125,
    0.13020833333333334,
    0.11979166666666667,
    0.13020833333333334,
    0.11458333333333333,
    0.13020833333333334,
    0.125,
    0.13541666666666666,
    0.11979166666666667,
    0.13541666666666666,
    0.13020833333333334,
    0.14583333333333334,
    0.16666666666666666
  ]
}