{"train_loss": [5.000465365523466, 4.743383818441637, 4.696955381891501, 4.658341793950858, 4.625895476656844, 4.6281306407942235, 4.59209301612294, 4.580444776624549, 4.5359060061393945, 4.497435788385274, 4.444040971542524, 4.381792455804047, 4.324275157655332, 4.24104758892679, 4.173106572831724, 4.052276060469314, 3.9842633595678922, 3.8545444826500224, 3.715394315593366, 3.6287176362300464], "train_acc": [0.007220216606498195, 0.0048134777376654635, 0.007220216606498195, 0.01444043321299639, 0.015643802647412757, 0.01444043321299639, 0.012033694344163659, 0.02045728038507822, 0.019253910950661854, 0.027677496991576414, 0.02888086642599278, 0.04091456077015644, 0.04452466910926874, 0.0457280385078219, 0.06377858002406739, 0.06377858002406739, 0.06618531889290012, 0.09626955475330927, 0.11793020457280386, 0.12515042117930206], "val_loss": [4.925923665364583, 5.2320709228515625, 4.743947347005208, 4.709676106770833, 4.675954182942708, 4.676686604817708, 4.667958577473958, 4.757303873697917, 4.671579996744792, 4.893280029296875, 4.663167317708333, 4.848785400390625, 4.826751708984375, 4.576487223307292, 4.506479899088542, 4.410237630208333, 4.5957183837890625, 4.5976715087890625, 4.378898620605469, 4.393577575683594], "val_acc": [0.015625, 0.005208333333333333, 0.015625, 0.010416666666666666, 0.005208333333333333, 0.020833333333333332, 0.010416666666666666, 0.015625, 0.015625, 0.026041666666666668, 0.015625, 0.015625, 0.015625, 0.020833333333333332, 0.052083333333333336, 0.041666666666666664, 0.057291666666666664, 0.07291666666666667, 0.036458333333333336, 0.08333333333333333]}