{"train_loss": [4.680918759530775, 4.024626319589167, 3.5051915723063884, 2.9679661175834573, 2.493016379834943, 2.068774117459459, 1.6742792934286896, 1.4010734991332972, 1.1980171837674725, 1.1272843919793047, 1.0318083737301051, 1.0133276849303723, 0.9951183177647321, 0.9914596198411337, 0.9871613917654889, 0.9497341000789913, 0.9562303083181094, 0.9740961705447678, 0.9447540568387321, 0.9306598049638934], "train_acc": [0.03369434416365824, 0.1937424789768981, 0.3730445247407998, 0.5848375451980802, 0.7172081829480172, 0.8363417569911007, 0.922984356269079, 0.9663056558363418, 0.9807460890493381, 0.9759326113116726, 0.9879663056558363, 0.9891696750902527, 0.9855595667870036, 0.9855595667870036, 0.9831528279181708, 0.9951865222623345, 0.9915764139590855, 0.9879663056558363, 0.9927797833935018, 0.9939831528996446], "val_loss": [4.345003291964531, 3.959569235642751, 3.6612651546796164, 3.484405462940534, 3.3161291206876435, 3.156141199171543, 3.0649646197756133, 3.1451429376999536, 3.0396205708384514, 3.216564156115055, 3.248975470662117, 3.278094353775183, 3.16192989051342, 3.283591074248155, 3.4098186741272607, 3.2046345124642053, 3.1968252335985503, 3.2984022349119186, 3.2723740165432296, 3.057204691072305], "val_acc": [0.057291666666666664, 0.16666666666666666, 0.203125, 0.25, 0.296875, 0.3489583333333333, 0.3802083333333333, 0.3385416666666667, 0.4010416666666667, 0.3489583333333333, 0.3489583333333333, 0.3489583333333333, 0.390625, 0.3489583333333333, 0.3958333333333333, 0.390625, 0.3697916666666667, 0.375, 0.3802083333333333, 0.4322916666666667]}