{"train_loss": [4.995783505743878, 4.780944456979543, 4.724322634053144, 4.684390512757926, 4.639981009326113, 4.642803756768953, 4.620031399847368, 4.607816730595668, 4.579361273493578, 4.57126203398125, 4.548456772713598, 4.515114978188929, 4.487510342029888, 4.4733096425714045, 4.44993442634096, 4.380193056756122, 4.35437819645006, 4.233471297758724, 4.148439850330926, 4.098344897535304], "train_acc": [0.0036101083032490976, 0.00842358604091456, 0.007220216606498195, 0.01444043321299639, 0.010830324909747292, 0.0036101083032490976, 0.02045728038507822, 0.013237063778580024, 0.015643802647412757, 0.02045728038507822, 0.02527075812274368, 0.026474127557160047, 0.026474127593023252, 0.032490974729241874, 0.03369434416365824, 0.03730445246690734, 0.0457280385078219, 0.05054151624548736, 0.05054151624548736, 0.07821901327292698], "val_loss": [4.745432535807292, 4.81597900390625, 4.8575439453125, 4.838897705078125, 5.054311116536458, 4.844431559244792, 4.694122314453125, 5.4631500244140625, 5.12286376953125, 5.219431559244792, 4.720560709635417, 4.839762369791667, 4.936520894368489, 4.679117838541667, 4.624287923177083, 4.715372721354167, 4.698944091796875, 4.6758168538411455, 4.5488026936848955, 4.7364145914713545], "val_acc": [0.010416666666666666, 0.015625, 0.015625, 0.010416666666666666, 0.015625, 0.020833333333333332, 0.0, 0.0, 0.0, 0.026041666666666668, 0.026041666666666668, 0.026041666666666668, 0.010416666666666666, 0.03125, 0.015625, 0.026041666666666668, 0.010416666666666666, 0.020833333333333332, 0.03125, 0.046875]}